EFM745_00001	0
EFM745_00002	0
EFM745_00003	0
EFM745_00004	0
EFM745_00005	0
EFM745_00006	0
EFM745_00026	10551
EFM745_00027	5024
EFM745_00028	23675
EFM745_00029	2225
EFM745_00030	23471
EFM745_00031	218
EFM745_00032	79537
EFM745_00033	68422
EFM745_00034	4515
EFM745_00035	651
EFM745_00036	3185
EFM745_00037	0
EFM745_00038	1679
EFM745_00039	3035
EFM745_00040	3
EFM745_00041	8020
EFM745_00042	959
EFM745_00043	18035
EFM745_00044	1416
EFM745_00045	1538
EFM745_00046	5070
EFM745_00047	485
EFM745_00048	1
EFM745_00049	16462
EFM745_00050	9003
EFM745_00051	14760
EFM745_00052	8108
EFM745_00053	12237
EFM745_00054	14317
EFM745_00055	2460
EFM745_00056	19721
EFM745_00057	13281
EFM745_00058	32120
EFM745_00059	30244
EFM745_00060	57895
EFM745_00061	19216
EFM745_00062	24453
EFM745_00063	45374
EFM745_00064	38780
EFM745_00065	38627
EFM745_00066	23639
EFM745_00067	42092
EFM745_00068	21593
EFM745_00069	456
EFM745_00070	6195
EFM745_00071	3229
EFM745_00072	3148
EFM745_00073	3024
EFM745_00074	102901
EFM745_00075	21987
EFM745_00076	11934
EFM745_00077	2401
EFM745_00078	52
EFM745_00079	8589
EFM745_00080	10944
EFM745_00081	3204
EFM745_00082	754
EFM745_00083	10755
EFM745_00084	2090
EFM745_00085	617
EFM745_00086	3583
EFM745_00087	496
EFM745_00088	789
EFM745_00089	7991
EFM745_00090	9604
EFM745_00091	10042
EFM745_00092	1048
EFM745_00093	309
EFM745_00094	707
EFM745_00095	638
EFM745_00096	1
EFM745_00097	0
EFM745_00098	22
EFM745_00099	1922
EFM745_00100	5725
EFM745_00101	3258
EFM745_00102	4776
EFM745_00103	5293
EFM745_00104	20203
EFM745_00105	10732
EFM745_00106	890
EFM745_00107	1
EFM745_00108	11559
EFM745_00109	7755
EFM745_00110	7331
EFM745_00111	4715
EFM745_00112	2098
EFM745_00113	3992
EFM745_00114	4753
EFM745_00115	4306
EFM745_00116	2761
EFM745_00117	3362
EFM745_00118	7139
EFM745_00119	1
EFM745_00120	20951
EFM745_00121	7411
EFM745_00122	5527
EFM745_00123	2311
EFM745_00124	7397
EFM745_00125	13683
EFM745_00126	7607
EFM745_00127	21468
EFM745_00128	4334
EFM745_00129	8090
EFM745_00130	4200
EFM745_00131	2321
EFM745_00132	3618
EFM745_00133	3569
EFM745_00134	3865
EFM745_00135	8884
EFM745_00136	5727
EFM745_00137	351
EFM745_00138	4245
EFM745_00139	31
EFM745_00140	0
EFM745_00141	1
EFM745_00142	1
EFM745_00143	0
EFM745_00144	0
EFM745_00145	0
EFM745_00147	6
EFM745_00148	0
EFM745_00149	0
EFM745_00150	0
EFM745_00151	19
EFM745_00152	0
EFM745_00153	0
EFM745_00154	1
EFM745_00155	24
EFM745_00156	26
EFM745_00157	93
EFM745_00158	2
EFM745_00159	2
EFM745_00160	8
EFM745_00161	4
EFM745_00162	9
EFM745_00163	4
EFM745_00164	7
EFM745_00165	3
EFM745_00166	18
EFM745_00167	6
EFM745_00168	72
EFM745_00169	14
EFM745_00170	41
EFM745_00171	1
EFM745_00172	5
EFM745_00173	65
EFM745_00174	27
EFM745_00175	15
EFM745_00176	4
EFM745_00177	402
EFM745_00178	85
EFM745_00179	11
EFM745_00180	0
EFM745_00181	0
EFM745_00182	0
EFM745_00183	0
EFM745_00184	30
EFM745_00185	13
EFM745_00186	23
EFM745_00187	11
EFM745_00188	29
EFM745_00189	7
EFM745_00190	21
EFM745_00191	15
EFM745_00192	4
EFM745_00193	251
EFM745_00194	123
EFM745_00195	85
EFM745_00196	0
EFM745_00197	26
EFM745_00198	0
EFM745_00199	5
EFM745_00200	57
EFM745_00201	69
EFM745_00202	19
EFM745_00203	37
EFM745_00204	194
EFM745_00205	1034
EFM745_00206	52
EFM745_00207	289
EFM745_00208	28
EFM745_00209	895
EFM745_00210	444
EFM745_00211	192
EFM745_00212	1055
EFM745_00213	25023
EFM745_00214	2987
EFM745_00215	1612
EFM745_00216	189
EFM745_00217	423
EFM745_00218	6152
EFM745_00219	4219
EFM745_00220	5143
EFM745_00221	5702
EFM745_00222	3558
EFM745_00223	12976
EFM745_00224	4447
EFM745_00226	183
EFM745_00227	0
EFM745_00228	28
EFM745_00229	28
EFM745_00230	22
EFM745_00231	13717
EFM745_00232	5780
EFM745_00233	538
EFM745_00234	38
EFM745_00235	325
EFM745_00236	67
EFM745_00237	3731
EFM745_00238	15998
EFM745_00239	9248
EFM745_00240	919
EFM745_00241	460
EFM745_00242	856
EFM745_00243	2750
EFM745_00244	54
EFM745_00245	508
EFM745_00246	124
EFM745_00247	97202
EFM745_00248	225578
EFM745_00250	46185
EFM745_00251	54694
EFM745_00252	1330
EFM745_00253	1479
EFM745_00254	1414
EFM745_00255	801
EFM745_00256	5525
EFM745_00257	107
EFM745_00258	566
EFM745_00259	1657
EFM745_00260	1443
EFM745_00262	1123
EFM745_00263	199
EFM745_00264	141
EFM745_00265	47
EFM745_00266	329
EFM745_00267	185
EFM745_00268	790
EFM745_00269	4975
EFM745_00270	1818
EFM745_00271	1562
EFM745_00273	694
EFM745_00274	1935
EFM745_00275	5978
EFM745_00276	5094
EFM745_00277	1490
EFM745_00278	898
EFM745_00279	980
EFM745_00280	6506
EFM745_00281	0
EFM745_00282	8714
EFM745_00283	589
EFM745_00284	4774
EFM745_00285	5973
EFM745_00286	655
EFM745_00287	11313
EFM745_00288	6739
EFM745_00289	880
EFM745_00290	1691
EFM745_00291	489
EFM745_00292	469
EFM745_00293	15890
EFM745_00294	9022
EFM745_00295	19662
EFM745_00296	8644
EFM745_00297	1832
EFM745_00298	1225
EFM745_00299	3069
EFM745_00300	31622
EFM745_00301	1240
EFM745_00302	1370
EFM745_00303	660
EFM745_00304	1134
EFM745_00305	1185
EFM745_00307	172
EFM745_00308	2703
EFM745_00309	586
EFM745_00310	889
EFM745_00311	9200
EFM745_00312	7745
EFM745_00313	13
EFM745_00314	40
EFM745_00315	17
EFM745_00316	16
EFM745_00317	5
EFM745_00318	24
EFM745_00319	45
EFM745_00320	601
EFM745_00321	927
EFM745_00322	2917
EFM745_00323	1404
EFM745_00324	938
EFM745_00325	981
EFM745_00326	1506
EFM745_00327	7751
EFM745_00328	3454
EFM745_00329	4396
EFM745_00330	754
EFM745_00331	483
EFM745_00335	239
EFM745_00336	42
EFM745_00337	178
EFM745_00338	5
EFM745_00339	33
EFM745_00340	32
EFM745_00341	41
EFM745_00342	23
EFM745_00343	50
EFM745_00344	5
EFM745_00345	17
EFM745_00346	33
EFM745_00347	91
EFM745_00348	533
EFM745_00349	75
EFM745_00350	174
EFM745_00351	190
EFM745_00352	159
EFM745_00353	297
EFM745_00354	370
EFM745_00355	7410
EFM745_00356	5213
EFM745_00357	1454
EFM745_00358	329
EFM745_00359	310
EFM745_00360	186
EFM745_00361	545
EFM745_00362	546
EFM745_00363	314
EFM745_00364	282
EFM745_00365	62
EFM745_00366	113
EFM745_00367	22
EFM745_00368	16
EFM745_00369	3050
EFM745_00370	1515
EFM745_00371	91
EFM745_00372	3960
EFM745_00373	173
EFM745_00374	19
EFM745_00375	10
EFM745_00376	68
EFM745_00377	8
EFM745_00378	269
EFM745_00379	852
EFM745_00380	1242
EFM745_00381	1756
EFM745_00382	144
EFM745_00383	1510
EFM745_00384	46073
EFM745_00385	35392
EFM745_00386	1128
EFM745_00387	23605
EFM745_00389	8505
EFM745_00390	1322
EFM745_00391	5928
EFM745_00392	4780
EFM745_00393	6286
EFM745_00394	5542
EFM745_00395	477
EFM745_00396	1529
EFM745_00397	97
EFM745_00398	0
EFM745_00399	8467
EFM745_00430	0
EFM745_00431	38636
EFM745_00432	3182
EFM745_00433	3650
EFM745_00434	33840
EFM745_00435	6568
EFM745_00436	2748
EFM745_00437	8186
EFM745_00438	3767
EFM745_00439	1104
EFM745_00440	2563
EFM745_00441	11040
EFM745_00442	792
EFM745_00443	76467
EFM745_00444	4483
EFM745_00445	2481
EFM745_00446	347
EFM745_00447	2534
EFM745_00448	69985
EFM745_00449	1212
EFM745_00450	5715
EFM745_00451	3675
EFM745_00452	1121
EFM745_00453	4057
EFM745_00454	20031
EFM745_00455	7404
EFM745_00456	7295
EFM745_00457	4359
EFM745_00458	2176
EFM745_00459	5491
EFM745_00460	5561
EFM745_00461	11402
EFM745_00462	978
EFM745_00463	2066
EFM745_00464	583
EFM745_00465	843
EFM745_00466	3268
EFM745_00467	866
EFM745_00469	9433
EFM745_00470	13729
EFM745_00471	4015
EFM745_00472	690
EFM745_00473	894
EFM745_00474	1721
EFM745_00475	4483
EFM745_00476	5465
EFM745_00477	1467
EFM745_00478	22427
EFM745_00479	16276
EFM745_00480	3398
EFM745_00481	4190
EFM745_00482	6093
EFM745_00483	2876
EFM745_00484	1756
EFM745_00485	2419
EFM745_00486	1204
EFM745_00487	3403
EFM745_00488	87
EFM745_00489	3129
EFM745_00490	3821
EFM745_00491	1752
EFM745_00492	6324
EFM745_00493	2339
EFM745_00495	18964
EFM745_00496	3906
EFM745_00497	6738
EFM745_00498	2200
EFM745_00499	1717
EFM745_00500	4953
EFM745_00501	2115
EFM745_00502	590
EFM745_00503	29
EFM745_00504	5
EFM745_00505	954
EFM745_00506	378
EFM745_00507	295
EFM745_00508	378
EFM745_00509	387
EFM745_00510	680
EFM745_00511	17369
EFM745_00512	520
EFM745_00513	76
EFM745_00514	333
EFM745_00515	1213
EFM745_00516	1633
EFM745_00517	9
EFM745_00518	135
EFM745_00519	387
EFM745_00520	215
EFM745_00521	208
EFM745_00522	76
EFM745_00523	4
EFM745_00524	537
EFM745_00525	542
EFM745_00526	1042
EFM745_00527	3543
EFM745_00528	625
EFM745_00529	3044
EFM745_00530	28
EFM745_00531	852
EFM745_00532	1373
EFM745_00533	643
EFM745_00534	85
EFM745_00535	325
EFM745_00536	5
EFM745_00537	129
EFM745_00538	4
EFM745_00539	7
EFM745_00540	6
EFM745_00541	109
EFM745_00543	0
EFM745_00545	64
EFM745_00546	1442
EFM745_00547	110
EFM745_00548	6
EFM745_00549	8
EFM745_00550	2
EFM745_00551	7
EFM745_00552	5
EFM745_00554	0
EFM745_00556	33
EFM745_00557	1
EFM745_00558	18
EFM745_00559	43
EFM745_00560	44
EFM745_00561	120
EFM745_00562	940
EFM745_00563	665
EFM745_00564	131
EFM745_00565	201
EFM745_00566	119
EFM745_00567	2552
EFM745_00568	84
EFM745_00569	218
EFM745_00570	11
EFM745_00571	7
EFM745_00572	121
EFM745_00573	26
EFM745_00574	152
EFM745_00575	1070
EFM745_00576	24
EFM745_00577	37
EFM745_00578	832
EFM745_00579	61
EFM745_00580	473
EFM745_00581	35
EFM745_00582	226
EFM745_00583	22
EFM745_00584	98
EFM745_00585	311
EFM745_00586	127
EFM745_00587	54
EFM745_00588	48
EFM745_00589	28
EFM745_00590	192
EFM745_00591	10
EFM745_00592	42
EFM745_00593	528
EFM745_00594	298
EFM745_00595	69
EFM745_00596	0
EFM745_00597	423
EFM745_00599	218
EFM745_00600	35876
EFM745_00601	57966
EFM745_00602	19275
EFM745_00603	1154
EFM745_00604	120
EFM745_00605	187
EFM745_00606	44
EFM745_00607	142
EFM745_00608	68
EFM745_00609	16
EFM745_00610	7
EFM745_00611	13
EFM745_00612	20
EFM745_00613	28
EFM745_00614	16
EFM745_00615	34
EFM745_00616	1362
EFM745_00617	74616
EFM745_00618	75230
EFM745_00621	523
EFM745_00622	226
EFM745_00623	374
EFM745_00624	2015
EFM745_00625	1807
EFM745_00626	11686
EFM745_00627	1974
EFM745_00628	883
EFM745_00629	850
EFM745_00630	7134
EFM745_00631	8512
EFM745_00632	1615
EFM745_00633	269
EFM745_00634	8164
EFM745_00635	6584
EFM745_00636	4588
EFM745_00637	9979
EFM745_00638	715
EFM745_00651	2797
EFM745_00652	1603
EFM745_00653	5616
EFM745_00654	16707
EFM745_00655	6876
EFM745_00656	11650
EFM745_00657	1062
EFM745_00658	4889
EFM745_00659	3808
EFM745_00660	2173
EFM745_00661	9228
EFM745_00662	5232
EFM745_00663	132
EFM745_00664	6256
EFM745_00665	6644
EFM745_00666	2109
EFM745_00667	1102
EFM745_00668	10963
EFM745_00669	5314
EFM745_00670	1173
EFM745_00671	7396
EFM745_00672	18952
EFM745_00673	42755
EFM745_00674	14020
EFM745_00675	38340
EFM745_00676	10819
EFM745_00677	5309
EFM745_00678	2900
EFM745_00679	4403
EFM745_00680	12113
EFM745_00681	6625
EFM745_00682	11348
EFM745_00683	1894
EFM745_00684	1271
EFM745_00685	1178
EFM745_00686	566
EFM745_00687	704
EFM745_00688	13
EFM745_00689	291
EFM745_00690	1261
EFM745_00691	1223
EFM745_00692	56
EFM745_00693	111
EFM745_00694	6
EFM745_00695	154
EFM745_00696	534
EFM745_00697	520
EFM745_00698	41
EFM745_00699	18
EFM745_00700	55
EFM745_00701	146
EFM745_00703	53181
EFM745_00704	5115
EFM745_00705	1834
EFM745_00706	980
EFM745_00707	11229
EFM745_00708	9190
EFM745_00709	4293
EFM745_00710	38755
EFM745_00711	20849
EFM745_00712	11206
EFM745_00713	8105
EFM745_00714	9883
EFM745_00715	7988
EFM745_00716	7181
EFM745_00717	65236
EFM745_00718	6471
EFM745_00719	3361
EFM745_00720	62726
EFM745_00721	63611
EFM745_00722	150726
EFM745_00723	368861
EFM745_00724	11848
EFM745_00725	68937
EFM745_00726	29533
EFM745_00727	16152
EFM745_00728	54050
EFM745_00729	29422
EFM745_00730	31561
EFM745_00731	97358
EFM745_00732	45104
EFM745_00733	11178
EFM745_00734	59402
EFM745_00735	34058
EFM745_00736	73515
EFM745_00737	40254
EFM745_00738	25938
EFM745_00739	34390
EFM745_00740	47233
EFM745_00741	48474
EFM745_00742	64595
EFM745_00743	13469
EFM745_00744	54194
EFM745_00745	168828
EFM745_00746	51703
EFM745_00747	22679
EFM745_00748	21265
EFM745_00749	28689
EFM745_00750	24255
EFM745_00751	88566
EFM745_00752	105793
EFM745_00754	3004
EFM745_00755	3602
EFM745_00756	1532
EFM745_00757	1315
EFM745_00758	1410
EFM745_00759	249
EFM745_00760	158
EFM745_00761	29
EFM745_00762	65
EFM745_00763	55
EFM745_00764	90
EFM745_00765	53
EFM745_00766	4198
EFM745_00767	6554
EFM745_00768	2573
EFM745_00769	41207
EFM745_00770	7372
EFM745_00771	11775
EFM745_00772	9717
EFM745_00773	28
EFM745_00774	2811
EFM745_00775	3852
EFM745_00776	1872
EFM745_00777	2000
EFM745_00778	13224
EFM745_00779	2996
EFM745_00780	16311
EFM745_00781	2526
EFM745_00782	4938
EFM745_00783	7447
EFM745_00784	585
EFM745_00785	90
EFM745_00786	207
EFM745_00787	143
EFM745_00788	371
EFM745_00789	31
EFM745_00790	92
EFM745_00791	89
EFM745_00792	14
EFM745_00793	2497
EFM745_00794	1683
EFM745_00795	15
EFM745_00796	62
EFM745_00797	145
EFM745_00798	3
EFM745_00799	17977
EFM745_00800	398
EFM745_00801	572
EFM745_00802	1821
EFM745_00803	118
EFM745_00804	2310
EFM745_00805	1026
EFM745_00806	559
EFM745_00807	47828
EFM745_00808	1164
EFM745_00809	1909
EFM745_00810	2198
EFM745_00811	1474
EFM745_00812	636
EFM745_00813	8462
EFM745_00814	6826
EFM745_00815	2757
EFM745_00816	2641
EFM745_00817	1310
EFM745_00818	1334
EFM745_00819	2970
EFM745_00820	6076
EFM745_00821	2145
EFM745_00822	5066
EFM745_00823	5662
EFM745_00824	31
EFM745_00825	2492
EFM745_00826	837
EFM745_00827	1183
EFM745_00828	4790
EFM745_00829	7822
EFM745_00830	1845
EFM745_00832	898
EFM745_00833	1063
EFM745_00834	1913
EFM745_00835	1750
EFM745_00836	1603
EFM745_00837	30084
EFM745_00839	22552
EFM745_00840	102
EFM745_00841	7896
EFM745_00842	1074
EFM745_00843	3128
EFM745_00844	984
EFM745_00845	2639
EFM745_00846	2184
EFM745_00847	834
EFM745_00848	5617
EFM745_00849	8
EFM745_00850	1
EFM745_00851	41
EFM745_00852	672
EFM745_00853	873
EFM745_00854	1428
EFM745_00855	637
EFM745_00856	818
EFM745_00857	7650
EFM745_00858	5284
EFM745_00859	29512
EFM745_00860	471
EFM745_00861	2770
EFM745_00862	629
EFM745_00863	135
EFM745_00864	908
EFM745_00865	8375
EFM745_00866	5998
EFM745_00867	434
EFM745_00868	664
EFM745_00869	34
EFM745_00870	49
EFM745_00871	168
EFM745_00872	468
EFM745_00873	149
EFM745_00874	749
EFM745_00875	13218
EFM745_00876	214
EFM745_00877	4050
EFM745_00878	8465
EFM745_00879	1930
EFM745_00880	13549
EFM745_00881	3
EFM745_00882	3399
EFM745_00883	66
EFM745_00884	768
EFM745_00885	89
EFM745_00886	41
EFM745_00887	27
EFM745_00888	24
EFM745_00889	27
EFM745_00890	338
EFM745_00891	522
EFM745_00892	464
EFM745_00893	357
EFM745_00894	3
EFM745_00895	598
EFM745_00896	5222
EFM745_00897	3269
EFM745_00898	1648
EFM745_00899	2731
EFM745_00900	2302
EFM745_00901	921
EFM745_00902	555
EFM745_00904	61122
EFM745_00905	12476
EFM745_00906	22541
EFM745_00907	98
EFM745_00908	166
EFM745_00909	10
EFM745_00910	461
EFM745_00911	82
EFM745_00912	367
EFM745_00913	602
EFM745_00914	17318
EFM745_00915	26
EFM745_00916	36
EFM745_00917	3704
EFM745_00918	262
EFM745_00919	3455
EFM745_00920	1373
EFM745_00921	2807
EFM745_00922	8715
EFM745_00923	7271
EFM745_00924	488
EFM745_00925	18
EFM745_00926	8
EFM745_00927	1344
EFM745_00928	210
EFM745_00929	2207
EFM745_00930	210
EFM745_00931	146
EFM745_00932	0
EFM745_00933	60
EFM745_00934	10
EFM745_00935	1
EFM745_00936	4
EFM745_00937	5
EFM745_00938	1
EFM745_00939	20
EFM745_00940	114
EFM745_00941	1641
EFM745_00942	2045
EFM745_00943	132
EFM745_00944	31
EFM745_00945	109
EFM745_00946	258
EFM745_00947	2311
EFM745_00948	888
EFM745_00949	227
EFM745_00950	456
EFM745_00951	4488
EFM745_00952	88
EFM745_00953	85
EFM745_00954	32
EFM745_00955	150
EFM745_00956	260
EFM745_00957	220
EFM745_00958	13
EFM745_00959	70
EFM745_00960	352
EFM745_00961	253
EFM745_00962	415
EFM745_00963	1218
EFM745_00964	365
EFM745_00965	164
EFM745_00966	20
EFM745_00967	13
EFM745_00968	2
EFM745_00969	495
EFM745_00970	384
EFM745_00971	1651
EFM745_00972	64
EFM745_00973	95
EFM745_00974	1479
EFM745_00975	4423
EFM745_00976	242
EFM745_00977	685
EFM745_00978	555
EFM745_00979	908
EFM745_00980	515
EFM745_00981	331
EFM745_00982	220
EFM745_00983	55
EFM745_00984	13
EFM745_00985	2304
EFM745_00986	709
EFM745_00987	55
EFM745_00988	123
EFM745_00989	101
EFM745_00990	338
EFM745_00991	1458
EFM745_00992	602
EFM745_00993	289
EFM745_00994	1049
EFM745_00995	1149
EFM745_00996	1176
EFM745_00997	671
EFM745_00998	642
EFM745_00999	194
EFM745_01000	460
EFM745_01001	184
EFM745_01002	468
EFM745_01003	140
EFM745_01004	5
EFM745_01005	1
EFM745_01006	355
EFM745_01007	1505
EFM745_01009	11556
EFM745_01010	10918
EFM745_01011	3669
EFM745_01012	405
EFM745_01013	368
EFM745_01014	2613
EFM745_01015	376
EFM745_01016	67
EFM745_01017	266
EFM745_01018	536
EFM745_01019	92
EFM745_01020	2364
EFM745_01021	158
EFM745_01022	472
EFM745_01023	77
EFM745_01024	182
EFM745_01025	414
EFM745_01026	779
EFM745_01027	1864
EFM745_01028	3173
EFM745_01029	103
EFM745_01030	78
EFM745_01031	159
EFM745_01032	316
EFM745_01033	192
EFM745_01034	2813
EFM745_01035	277
EFM745_01036	971
EFM745_01037	841
EFM745_01038	251
EFM745_01039	438
EFM745_01040	623
EFM745_01041	2001
EFM745_01042	1392
EFM745_01043	1183
EFM745_01044	1250
EFM745_01045	2759
EFM745_01046	7154
EFM745_01047	624
EFM745_01048	8929
EFM745_01049	25
EFM745_01050	34
EFM745_01051	1330
EFM745_01052	2003
EFM745_01053	517
EFM745_01054	180
EFM745_01055	1139
EFM745_01056	5372
EFM745_01057	419
EFM745_01058	410
EFM745_01059	1116
EFM745_01060	1450
EFM745_01061	439
EFM745_01062	5012
EFM745_01063	874
EFM745_01064	4409
EFM745_01065	1142
EFM745_01066	3231
EFM745_01067	282
EFM745_01068	85
EFM745_01072	159
EFM745_01073	9214
EFM745_01074	9477
EFM745_01075	6863
EFM745_01076	10681
EFM745_01077	710
EFM745_01078	620
EFM745_01079	569
EFM745_01080	460
EFM745_01081	712
EFM745_01082	975
EFM745_01083	1716
EFM745_01084	908
EFM745_01085	1773
EFM745_01086	3254
EFM745_01087	1
EFM745_01088	20
EFM745_01089	589
EFM745_01090	528
EFM745_01091	1593
EFM745_01092	310
EFM745_01093	273
EFM745_01094	1680
EFM745_01095	279
EFM745_01096	652
EFM745_01097	199
EFM745_01098	2331
EFM745_01099	1940
EFM745_01100	943
EFM745_01101	753
EFM745_01102	2853
EFM745_01103	1921
EFM745_01104	4212
EFM745_01105	8682
EFM745_01106	521
EFM745_01107	1396
EFM745_01108	446
EFM745_01109	785
EFM745_01110	980
EFM745_01111	1497
EFM745_01112	93
EFM745_01113	1363
EFM745_01114	251
EFM745_01115	158
EFM745_01116	1298
EFM745_01117	251
EFM745_01118	83
EFM745_01119	32
EFM745_01120	839
EFM745_01121	475
EFM745_01122	22
EFM745_01123	45
EFM745_01124	88
EFM745_01125	236
EFM745_01126	68
EFM745_01127	53
EFM745_01128	54
EFM745_01129	96
EFM745_01130	11
EFM745_01131	105
EFM745_01132	15
EFM745_01133	34
EFM745_01134	13
EFM745_01135	2339
EFM745_01136	2335
EFM745_01137	10161
EFM745_01138	9213
EFM745_01139	4997
EFM745_01140	2522
EFM745_01141	2344
EFM745_01142	579
EFM745_01143	3204
EFM745_01144	2199
EFM745_01145	159
EFM745_01146	7060
EFM745_01147	2229
EFM745_01148	8041
EFM745_01149	3168
EFM745_01150	1914
EFM745_01151	439
EFM745_01152	298
EFM745_01153	6097
EFM745_01154	106
EFM745_01155	131
EFM745_01156	152
EFM745_01157	1020
EFM745_01158	1406
EFM745_01159	6265
EFM745_01160	1990
EFM745_01161	818
EFM745_01162	1268
EFM745_01163	141
EFM745_01164	1226
EFM745_01165	9666
EFM745_01166	1276
EFM745_01167	2949
EFM745_01169	2126
EFM745_01170	2412
EFM745_01171	3455
EFM745_01172	2001
EFM745_01173	4631
EFM745_01174	2210
EFM745_01175	1796
EFM745_01176	6403
EFM745_01177	856
EFM745_01178	340
EFM745_01179	145
EFM745_01180	503
EFM745_01181	351
EFM745_01182	12
EFM745_01183	69
EFM745_01184	21
EFM745_01185	66
EFM745_01186	2166
EFM745_01187	2260
EFM745_01188	8142
EFM745_01189	0
EFM745_01190	298
EFM745_01191	93
EFM745_01192	47
EFM745_01193	119
EFM745_01194	14747
EFM745_01195	100
EFM745_01196	1390
EFM745_01197	109
EFM745_01198	6
EFM745_01199	18
EFM745_01200	118
EFM745_01201	346
EFM745_01202	272
EFM745_01203	33
EFM745_01204	536
EFM745_01205	1366
EFM745_01206	988
EFM745_01207	2
EFM745_01208	159
EFM745_01209	380
EFM745_01210	520
EFM745_01211	633
EFM745_01212	140
EFM745_01213	4083
EFM745_01214	5470
EFM745_01215	7004
EFM745_01216	713
EFM745_01217	1486
EFM745_01218	647
EFM745_01219	705
EFM745_01220	1132
EFM745_01221	1662
EFM745_01222	94
EFM745_01223	1034
EFM745_01225	4026
EFM745_01226	6076
EFM745_01227	1604
EFM745_01230	116
EFM745_01231	48
EFM745_01232	126
EFM745_01233	125
EFM745_01234	1754
EFM745_01235	668
EFM745_01236	197
EFM745_01237	648
EFM745_01238	5108
EFM745_01239	593
EFM745_01240	844
EFM745_01241	1209
EFM745_01242	101
EFM745_01243	308
EFM745_01244	888
EFM745_01245	1646
EFM745_01246	5106
EFM745_01247	1044
EFM745_01248	1730
EFM745_01249	182
EFM745_01250	4529
EFM745_01251	4959
EFM745_01252	2686
EFM745_01253	1781
EFM745_01254	2627
EFM745_01255	556
EFM745_01256	1371
EFM745_01257	1528
EFM745_01258	5411
EFM745_01259	547
EFM745_01260	2796
EFM745_01261	566
EFM745_01262	7312
EFM745_01263	550
EFM745_01264	807
EFM745_01265	705
EFM745_01266	1074
EFM745_01267	637
EFM745_01268	6778
EFM745_01269	38
EFM745_01270	113
EFM745_01271	819
EFM745_01272	447
EFM745_01273	1006
EFM745_01274	1953
EFM745_01275	1022
EFM745_01276	471
EFM745_01277	785
EFM745_01278	1272
EFM745_01279	827
EFM745_01280	640
EFM745_01281	1587
EFM745_01282	756
EFM745_01283	1088
EFM745_01284	2468
EFM745_01285	8750
EFM745_01286	185
EFM745_01287	85
EFM745_01288	136
EFM745_01289	143
EFM745_01290	296
EFM745_01291	265
EFM745_01292	269
EFM745_01293	455
EFM745_01294	66
EFM745_01295	183
EFM745_01296	38
EFM745_01297	577
EFM745_01299	1881
EFM745_01300	4
EFM745_01301	9223
EFM745_01302	40979
EFM745_01303	365
EFM745_01304	8099
EFM745_01305	205390
EFM745_01306	6054
EFM745_01307	3054
EFM745_01308	24957
EFM745_01309	10
EFM745_01310	30
EFM745_01311	35
EFM745_01312	82
EFM745_01313	512
EFM745_01314	399
EFM745_01315	45
EFM745_01316	667
EFM745_01317	2878
EFM745_01318	2474
EFM745_01319	2948
EFM745_01320	8517
EFM745_01321	1309
EFM745_01322	4838
EFM745_01323	5748
EFM745_01324	1561
EFM745_01325	3466
EFM745_01326	5799
EFM745_01327	813
EFM745_01328	1346
EFM745_01329	1149
EFM745_01330	1590
EFM745_01331	8918
EFM745_01332	630
EFM745_01333	2856
EFM745_01334	176
EFM745_01335	2631
EFM745_01336	3030
EFM745_01337	1312
EFM745_01338	3509
EFM745_01339	3527
EFM745_01340	2546
EFM745_01341	2318
EFM745_01342	4268
EFM745_01343	1711
EFM745_01344	182
EFM745_01345	2665
EFM745_01347	196
EFM745_01348	5361
EFM745_01349	345
EFM745_01351	66024
EFM745_01352	22413
EFM745_01353	72093
EFM745_01354	7842
EFM745_01355	5485
EFM745_01356	12921
EFM745_01357	5546
EFM745_01358	5635
EFM745_01359	412
EFM745_01360	854
EFM745_01361	6700
EFM745_01362	10535
EFM745_01363	3332
EFM745_01364	1845
EFM745_01365	2744
EFM745_01366	380
EFM745_01367	1972
EFM745_01368	2349
EFM745_01369	1738
EFM745_01370	9090
EFM745_01371	86
EFM745_01372	523
EFM745_01373	126
EFM745_01374	3859
EFM745_01375	7322
EFM745_01376	967
EFM745_01377	14593
EFM745_01378	5269
EFM745_01379	4378
EFM745_01380	3834
EFM745_01381	7749
EFM745_01382	29950
EFM745_01383	21630
EFM745_01384	4636
EFM745_01385	10073
EFM745_01386	16295
EFM745_01387	18925
EFM745_01388	14168
EFM745_01389	6466
EFM745_01390	1593
EFM745_01391	350
EFM745_01392	1706
EFM745_01393	2366
EFM745_01394	3631
EFM745_01395	2256
EFM745_01396	86
EFM745_01397	130
EFM745_01398	201
EFM745_01399	7
EFM745_01400	2
EFM745_01401	6
EFM745_01402	334
EFM745_01403	262
EFM745_01405	574
EFM745_01406	139
EFM745_01407	691
EFM745_01408	1179
EFM745_01409	381
EFM745_01410	469
EFM745_01411	1170
EFM745_01412	105
EFM745_01413	12
EFM745_01414	43
EFM745_01415	13
EFM745_01416	211
EFM745_01417	149
EFM745_01418	40
EFM745_01419	0
EFM745_01420	77
EFM745_01421	25
EFM745_01422	6
EFM745_01423	7
EFM745_01424	38
EFM745_01425	12
EFM745_01426	29
EFM745_01427	20
EFM745_01428	0
EFM745_01429	0
EFM745_01430	0
EFM745_01431	0
EFM745_01432	0
EFM745_01433	0
EFM745_01434	19
EFM745_01435	6
EFM745_01436	18
EFM745_01437	24
EFM745_01438	15
EFM745_01439	98
EFM745_01440	32
EFM745_01441	3
EFM745_01442	48
EFM745_01443	13
EFM745_01444	2
EFM745_01445	2
EFM745_01446	0
EFM745_01447	5
EFM745_01448	23
EFM745_01449	2
EFM745_01450	84
EFM745_01451	1
EFM745_01452	14
EFM745_01453	78
EFM745_01454	154
EFM745_01455	102
EFM745_01456	0
EFM745_01457	0
EFM745_01458	0
EFM745_01459	0
EFM745_01460	0
EFM745_01462	0
EFM745_01463	0
EFM745_01464	0
EFM745_01465	0
EFM745_01466	0
EFM745_01467	0
EFM745_01468	46
EFM745_01469	71
EFM745_01470	0
EFM745_01471	31
EFM745_01472	222
EFM745_01473	432
EFM745_01474	446
EFM745_01475	6057
EFM745_01476	5813
EFM745_01477	338
EFM745_01478	60
EFM745_01479	40
EFM745_01480	51
EFM745_01481	37
EFM745_01482	13
EFM745_01483	196
EFM745_01484	125
EFM745_01485	944
EFM745_01486	151
EFM745_01487	47
EFM745_01488	4
EFM745_01489	54
EFM745_01490	273
EFM745_01491	1728
EFM745_01492	1395
EFM745_01494	69
EFM745_01495	1084
EFM745_01496	778
EFM745_01497	1788
EFM745_01498	4105
EFM745_01499	117
EFM745_01500	525
EFM745_01501	941
EFM745_01502	39
EFM745_01503	1590
EFM745_01504	2973
EFM745_01505	620
EFM745_01506	4609
EFM745_01507	49
EFM745_01508	241
EFM745_01509	229
EFM745_01510	110
EFM745_01511	50
EFM745_01512	40
EFM745_01513	4
EFM745_01514	2
EFM745_01515	37
EFM745_01516	1787
EFM745_01517	3328
EFM745_01518	617
EFM745_01519	421
EFM745_01520	2092
EFM745_01521	2357
EFM745_01522	1027
EFM745_01523	1683
EFM745_01524	45
EFM745_01525	61
EFM745_01526	2310
EFM745_01527	6826
EFM745_01528	1700
EFM745_01529	2900
EFM745_01530	242
EFM745_01531	6185
EFM745_01532	1742
EFM745_01533	3505
EFM745_01534	366
EFM745_01536	497
EFM745_01537	146
EFM745_01538	269
EFM745_01539	7056
EFM745_01540	308
EFM745_01542	276
EFM745_01543	230
EFM745_01544	904
EFM745_01545	1872
EFM745_01546	7805
EFM745_01547	3650
EFM745_01548	469
EFM745_01549	228
EFM745_01550	1193
EFM745_01551	92
EFM745_01552	133
EFM745_01553	158
EFM745_01554	432
EFM745_01555	411
EFM745_01556	607
EFM745_01557	2329
EFM745_01558	191
EFM745_01559	21203
EFM745_01560	530
EFM745_01561	2348
EFM745_01562	1133
EFM745_01563	1170
EFM745_01564	2727
EFM745_01565	472
EFM745_01566	480
EFM745_01567	163
EFM745_01569	13545
EFM745_01570	2023
EFM745_01571	2185
EFM745_01572	14
EFM745_01573	128
EFM745_01574	0
EFM745_01575	12
EFM745_01576	2
EFM745_01577	10
EFM745_01578	58
EFM745_01579	68
EFM745_01580	3195
EFM745_01581	2
EFM745_01582	3638
EFM745_01583	721
EFM745_01584	111
EFM745_01585	10564
EFM745_01586	6828
EFM745_01587	2569
EFM745_01588	24
EFM745_01589	28
EFM745_01590	13536
EFM745_01591	91
EFM745_01592	1364
EFM745_01593	1317
EFM745_01594	1802
EFM745_01595	4612
EFM745_01596	5618
EFM745_01597	160
EFM745_01598	95
EFM745_01599	2015
EFM745_01600	1047
EFM745_01601	239
EFM745_01602	1054
EFM745_01604	45
EFM745_01605	1165
EFM745_01606	2789
EFM745_01607	2871
EFM745_01608	953
EFM745_01609	506
EFM745_01610	569
EFM745_01611	8283
EFM745_01612	1144
EFM745_01613	956
EFM745_01614	2141
EFM745_01619	3
EFM745_01620	0
EFM745_01621	120
EFM745_01622	68
EFM745_01625	168
EFM745_01626	2088
EFM745_01627	412
EFM745_01628	1040
EFM745_01629	2100
EFM745_01630	830
EFM745_01631	1010
EFM745_01632	915
EFM745_01633	33003
EFM745_01634	2690
EFM745_01635	4889
EFM745_01636	131
EFM745_01638	19962
EFM745_01639	2586
EFM745_01640	1073
EFM745_01641	368
EFM745_01642	37683
EFM745_01643	12495
EFM745_01644	2104
EFM745_01645	1966
EFM745_01646	3067
EFM745_01647	600
EFM745_01648	581
EFM745_01649	4314
EFM745_01650	1264
EFM745_01651	1070
EFM745_01652	1253
EFM745_01653	1755
EFM745_01654	18
EFM745_01655	526
EFM745_01656	76
EFM745_01657	24
EFM745_01658	14
EFM745_01659	29
EFM745_01660	98
EFM745_01661	101
EFM745_01662	165
EFM745_01663	3177
EFM745_01664	3473
EFM745_01665	77
EFM745_01666	87
EFM745_01667	103
EFM745_01668	10
EFM745_01669	186
EFM745_01670	379
EFM745_01671	203
EFM745_01672	575
EFM745_01674	3325
EFM745_01675	2645
EFM745_01676	5195
EFM745_01677	7560
EFM745_01678	1591
EFM745_01679	910
EFM745_01680	10
EFM745_01681	11
EFM745_01682	2
EFM745_01683	7
EFM745_01684	9
EFM745_01685	19
EFM745_01686	71
EFM745_01687	179
EFM745_01688	65
EFM745_01689	44
EFM745_01690	3
EFM745_01691	23
EFM745_01692	5
EFM745_01693	51
EFM745_01694	343
EFM745_01695	92
EFM745_01696	4
EFM745_01697	2982
EFM745_01698	205
EFM745_01699	376
EFM745_01700	40
EFM745_01701	33
EFM745_01702	192
EFM745_01703	175
EFM745_01704	6
EFM745_01705	13
EFM745_01706	9
EFM745_01707	272
EFM745_01708	402
EFM745_01709	346
EFM745_01710	515
EFM745_01711	387
EFM745_01712	879
EFM745_01713	117
EFM745_01714	707
EFM745_01715	1261
EFM745_01716	723
EFM745_01717	14033
EFM745_01718	2160
EFM745_01719	2216
EFM745_01720	2194
EFM745_01721	3265
EFM745_01722	2115
EFM745_01723	1179
EFM745_01725	1929
EFM745_01726	8302
EFM745_01727	818
EFM745_01728	1830
EFM745_01729	5093
EFM745_01730	1410
EFM745_01731	11732
EFM745_01732	12647
EFM745_01733	6090
EFM745_01734	6602
EFM745_01735	185
EFM745_01736	168
EFM745_01737	210
EFM745_01738	1803
EFM745_01739	372
EFM745_01740	2349
EFM745_01741	1769
EFM745_01742	423
EFM745_01743	617
EFM745_01744	21436
EFM745_01745	106
EFM745_01746	274
EFM745_01747	387
EFM745_01749	646
EFM745_01750	7781
EFM745_01751	152502
EFM745_01752	70484
EFM745_01753	73633
EFM745_01754	111317
EFM745_01755	0
EFM745_01756	0
EFM745_01757	5
EFM745_01758	1322
EFM745_01759	3533
EFM745_01760	10565
EFM745_01762	1076
EFM745_01763	785
EFM745_01764	1589
EFM745_01765	801
EFM745_01766	7463
EFM745_01767	1095
EFM745_01768	5849
EFM745_01769	1934
EFM745_01770	5366
EFM745_01771	3223
EFM745_01772	19699
EFM745_01773	13884
EFM745_01774	16586
EFM745_01775	7423
EFM745_01776	1344
EFM745_01777	16193
EFM745_01778	850
EFM745_01779	468
EFM745_01780	427
EFM745_01781	170
EFM745_01782	646
EFM745_01785	1036
EFM745_01786	772
EFM745_01787	470
EFM745_01788	159
EFM745_01789	413
EFM745_01790	92
EFM745_01791	97
EFM745_01792	8267
EFM745_01793	15864
EFM745_01794	3473
EFM745_01795	3836
EFM745_01796	3348
EFM745_01797	1329
EFM745_01798	1199
EFM745_01799	1497
EFM745_01800	934
EFM745_01801	2192
EFM745_01802	2100
EFM745_01803	2575
EFM745_01804	257
EFM745_01805	107
EFM745_01806	8385
EFM745_01807	1673
EFM745_01808	164
EFM745_01809	1
EFM745_01810	2258
EFM745_01811	1304
EFM745_01812	4656
EFM745_01813	5399
EFM745_01814	770
EFM745_01815	5943
EFM745_01816	4277
EFM745_01817	14558
EFM745_01818	9347
EFM745_01819	3691
EFM745_01820	1
EFM745_01821	458
EFM745_01822	4100
EFM745_01823	1834
EFM745_01824	1029
EFM745_01825	1032
EFM745_01826	28
EFM745_01827	128
EFM745_01828	96
EFM745_01829	234
EFM745_01830	348
EFM745_01831	4619
EFM745_01832	14789
EFM745_01833	453
EFM745_01834	629
EFM745_01835	688
EFM745_01836	48083
EFM745_01837	33468
EFM745_01838	203
EFM745_01839	2637
EFM745_01840	8276
EFM745_01841	1360
EFM745_01842	915
EFM745_01843	6732
EFM745_01844	1012
EFM745_01845	3065
EFM745_01846	13072
EFM745_01847	1297
EFM745_01848	3397
EFM745_01849	2105
EFM745_01850	1661
EFM745_01851	1221
EFM745_01852	2351
EFM745_01853	1426
EFM745_01854	1064
EFM745_01855	2884
EFM745_01856	1591
EFM745_01857	1517
EFM745_01858	698
EFM745_01859	1278
EFM745_01860	786
EFM745_01861	1176
EFM745_01862	1406
EFM745_01863	931
EFM745_01864	13
EFM745_01865	802
EFM745_01866	1257
EFM745_01867	16
EFM745_01868	13
EFM745_01869	16
EFM745_01870	4
EFM745_01871	18
EFM745_01872	5979
EFM745_01873	441
EFM745_01874	903
EFM745_01875	2906
EFM745_01876	5282
EFM745_01878	652
EFM745_01879	1254
EFM745_01880	7708
EFM745_01881	28
EFM745_01882	2141
EFM745_01883	40
EFM745_01884	112
EFM745_01886	15733
EFM745_01887	3332
EFM745_01888	1787
EFM745_01889	7082
EFM745_01890	9160
EFM745_01891	482
EFM745_01892	323
EFM745_01893	106
EFM745_01894	1142
EFM745_01895	8823
EFM745_01896	2
EFM745_01897	26
EFM745_01898	399
EFM745_01899	129
EFM745_01900	1652
EFM745_01901	2011
EFM745_01902	39
EFM745_01903	88
EFM745_01904	12
EFM745_01905	4
EFM745_01906	24
EFM745_01907	40
EFM745_01908	16
EFM745_01909	2015
EFM745_01910	215
EFM745_01911	2
EFM745_01912	1
EFM745_01913	2
EFM745_01914	0
EFM745_01915	3
EFM745_01916	274
EFM745_01917	110
EFM745_01918	9
EFM745_01919	3350
EFM745_01920	12
EFM745_01921	17
EFM745_01922	56
EFM745_01923	225
EFM745_01924	549
EFM745_01925	303
EFM745_01926	0
EFM745_01927	68
EFM745_01928	937
EFM745_01929	2748
EFM745_01930	873
EFM745_01931	1690
EFM745_01932	851
EFM745_01933	5437
EFM745_01934	477
EFM745_01935	462
EFM745_01936	630
EFM745_01937	17599
EFM745_01938	4403
EFM745_01939	392
EFM745_01940	1011
EFM745_01941	2931
EFM745_01943	15623
EFM745_01944	292
EFM745_01945	21
EFM745_01946	2
EFM745_01947	1
EFM745_01948	0
EFM745_01949	40
EFM745_01951	0
EFM745_01953	58
EFM745_01954	9
EFM745_01955	0
EFM745_01956	1
EFM745_01957	1
EFM745_01959	0
EFM745_01961	4
EFM745_01962	1042
EFM745_01963	391
EFM745_01964	9
EFM745_01965	42
EFM745_01966	0
EFM745_01967	32
EFM745_01968	19
EFM745_01969	16
EFM745_01970	41
EFM745_01971	126
EFM745_01972	56
EFM745_01973	71
EFM745_01974	708
EFM745_01975	490
EFM745_01976	1102
EFM745_01977	3095
EFM745_01978	156
EFM745_01979	30
EFM745_01980	17
EFM745_01981	34
EFM745_01982	37
EFM745_01983	23
EFM745_01984	16
EFM745_01985	10
EFM745_01986	13
EFM745_01987	61
EFM745_01988	45
EFM745_01989	0
EFM745_01990	0
EFM745_01991	520
EFM745_01992	9
EFM745_01993	1
EFM745_01995	72
EFM745_01996	70
EFM745_01997	719
EFM745_01998	65
EFM745_01999	72
EFM745_02000	14
EFM745_02001	18
EFM745_02002	12
EFM745_02003	62
EFM745_02004	75
EFM745_02005	1
EFM745_02006	837
EFM745_02007	67
EFM745_02008	325
EFM745_02009	144
EFM745_02010	306
EFM745_02011	308
EFM745_02012	0
EFM745_02013	21
EFM745_02014	9
EFM745_02015	10
EFM745_02016	3617
EFM745_02017	2192
EFM745_02018	974
EFM745_02019	196
EFM745_02020	11
EFM745_02021	1
EFM745_02023	3
EFM745_02024	136
EFM745_02026	1666
EFM745_02027	441
EFM745_02028	1343
EFM745_02029	1513
EFM745_02030	101
EFM745_02031	116
EFM745_02032	9302
EFM745_02033	1624
EFM745_02034	651
EFM745_02035	715
EFM745_02036	1206
EFM745_02037	4860
EFM745_02038	19966
EFM745_02039	6
EFM745_02040	35
EFM745_02041	0
EFM745_02042	2
EFM745_02043	213
EFM745_02044	669
EFM745_02045	7
EFM745_02046	1183
EFM745_02047	2460
EFM745_02048	716
EFM745_02049	8
EFM745_02050	110
EFM745_02051	174
EFM745_02052	0
EFM745_02053	41
EFM745_02054	5491
EFM745_02056	539
EFM745_02057	1935
EFM745_02058	955
EFM745_02059	228
EFM745_02060	1153
EFM745_02061	269
EFM745_02062	381
EFM745_02063	381
EFM745_02064	25
EFM745_02065	533
EFM745_02066	1210
EFM745_02067	350
EFM745_02068	448
EFM745_02069	474
EFM745_02070	88
EFM745_02071	30
EFM745_02072	52
EFM745_02073	344
EFM745_02074	92
EFM745_02075	78
EFM745_02076	0
EFM745_02077	0
EFM745_02078	406
EFM745_02079	0
EFM745_02080	830
EFM745_02081	487
EFM745_02082	906
EFM745_02083	80
EFM745_02084	62
EFM745_02085	81
EFM745_02086	127
EFM745_02087	303
EFM745_02088	240
EFM745_02089	252
EFM745_02090	659
EFM745_02091	17
EFM745_02092	71
EFM745_02093	13
EFM745_02094	82
EFM745_02095	154
EFM745_02096	202
EFM745_02097	524
EFM745_02098	116
EFM745_02099	607
EFM745_02100	0
EFM745_02101	0
EFM745_02102	0
EFM745_02103	21
EFM745_02104	14
EFM745_02105	17
EFM745_02106	20
EFM745_02107	225
EFM745_02108	5
EFM745_02109	1
EFM745_02110	57
EFM745_02111	6
EFM745_02112	72
EFM745_02113	4
EFM745_02114	17167
EFM745_02115	335
EFM745_02116	1594
EFM745_02117	2274
EFM745_02118	569
EFM745_02119	323
EFM745_02120	106
EFM745_02121	196
EFM745_02122	741
EFM745_02123	698
EFM745_02124	1579
EFM745_02125	8323
EFM745_02126	1880
EFM745_02127	178
EFM745_02128	710
EFM745_02129	1019
EFM745_02130	5430
EFM745_02131	7448
EFM745_02132	2144
EFM745_02133	1280
EFM745_02134	778
EFM745_02135	2266
EFM745_02136	5247
EFM745_02137	758
EFM745_02138	7024
EFM745_02139	4378
EFM745_02140	1241
EFM745_02141	14901
EFM745_02142	42
EFM745_02143	0
EFM745_02144	65
EFM745_02145	1585
EFM745_02146	51528
EFM745_02147	63814
EFM745_02148	8077
EFM745_02149	4724
EFM745_02150	3295
EFM745_02151	1016
EFM745_02152	5816
EFM745_02153	15635
EFM745_02154	12141
EFM745_02155	5750
EFM745_02156	15067
EFM745_02157	2992
EFM745_02158	5475
EFM745_02159	24039
EFM745_02160	7603
EFM745_02161	223
EFM745_02162	797
EFM745_02163	346
EFM745_02164	1056
EFM745_02165	1748
EFM745_02166	1094
EFM745_02167	638
EFM745_02168	66
EFM745_02169	96
EFM745_02170	65
EFM745_02171	257
EFM745_02172	547
EFM745_02173	189
EFM745_02174	141
EFM745_02175	1006
EFM745_02176	6888
EFM745_02177	7021
EFM745_02178	37808
EFM745_02179	8377
EFM745_02180	12
EFM745_02181	21120
EFM745_02182	30277
EFM745_02183	2615
EFM745_02184	4608
EFM745_02185	8619
EFM745_02186	8802
EFM745_02187	2813
EFM745_02188	4723
EFM745_02189	2318
EFM745_02190	31
EFM745_02191	40
EFM745_02192	163
EFM745_02193	8
EFM745_02194	129
EFM745_02195	30
EFM745_02196	31
EFM745_02197	34
EFM745_02198	1528
EFM745_02199	7746
EFM745_02200	3386
EFM745_02201	8915
EFM745_02202	11006
EFM745_02203	20829
EFM745_02205	849
EFM745_02206	2885
EFM745_02207	1084
EFM745_02208	972
EFM745_02209	45585
EFM745_02210	25711
EFM745_02211	4930
EFM745_02212	781
EFM745_02213	50
EFM745_02214	17
EFM745_02215	11982
EFM745_02216	17722
EFM745_02217	17403
EFM745_02218	1865
EFM745_02219	6052
EFM745_02220	5910
EFM745_02221	3312
EFM745_02222	5723
EFM745_02223	9930
EFM745_02224	18510
EFM745_02225	5651
EFM745_02226	101
EFM745_02227	1535
EFM745_02228	338
EFM745_02229	169
EFM745_02230	89
EFM745_02231	91
EFM745_02233	2127
EFM745_02234	2433
EFM745_02235	3687
EFM745_02236	3058
EFM745_02237	4179
EFM745_02238	788
EFM745_02239	2317
EFM745_02240	408
EFM745_02241	39
EFM745_02242	43
EFM745_02243	109
EFM745_02244	71
EFM745_02245	22
EFM745_02246	44
EFM745_02247	88
EFM745_02248	34
EFM745_02249	861
EFM745_02250	594
EFM745_02251	1311
EFM745_02252	1080
EFM745_02253	1511
EFM745_02254	34720
EFM745_02255	824
EFM745_02256	1357
EFM745_02257	1108
EFM745_02258	3888
EFM745_02259	1921
EFM745_02260	1900
EFM745_02261	13948
EFM745_02262	2456
EFM745_02263	6831
EFM745_02264	5584
EFM745_02265	2034
EFM745_02266	584
EFM745_02267	2244
EFM745_02268	1046
EFM745_02269	3626
EFM745_02270	4534
EFM745_02271	2702
EFM745_02272	0
EFM745_02273	451
EFM745_02274	463
EFM745_02275	922
EFM745_02276	2446
EFM745_02277	543
EFM745_02278	1096
EFM745_02279	3557
EFM745_02280	652
EFM745_02281	1037
EFM745_02282	1579
EFM745_02283	7919
EFM745_02284	87
EFM745_02285	2
EFM745_02286	4
EFM745_02287	519
EFM745_02288	183
EFM745_02289	456
EFM745_02290	31
EFM745_02291	50
EFM745_02292	5
EFM745_02293	11
EFM745_02294	37
EFM745_02295	0
EFM745_02296	25
EFM745_02297	45
EFM745_02299	1439
EFM745_02300	722
EFM745_02301	60
EFM745_02302	56
EFM745_02303	295
EFM745_02304	9
EFM745_02305	226
EFM745_02306	56
EFM745_02307	96
EFM745_02308	319
EFM745_02309	356
EFM745_02310	13
EFM745_02311	2
EFM745_02312	0
EFM745_02313	3
EFM745_02314	2
EFM745_02315	3
EFM745_02316	2
EFM745_02317	1
EFM745_02318	5
EFM745_02319	6
EFM745_02320	21
EFM745_02321	18
EFM745_02322	242
EFM745_02324	15516
EFM745_02325	23
EFM745_02326	173
EFM745_02327	301
EFM745_02328	158
EFM745_02329	198
EFM745_02331	70
EFM745_02332	101
EFM745_02333	52
EFM745_02334	42
EFM745_02335	9
EFM745_02336	65
EFM745_02337	168
EFM745_02338	523
EFM745_02339	47
EFM745_02340	1708
EFM745_02341	241
EFM745_02342	144
EFM745_02343	60
EFM745_02344	151
EFM745_02345	35
EFM745_02346	1753
EFM745_02347	669
EFM745_02348	1271
EFM745_02349	158
EFM745_02350	0
EFM745_02351	78
EFM745_02352	100
EFM745_02353	64
EFM745_02354	48
EFM745_02355	5672
EFM745_02356	375
EFM745_02357	704
EFM745_02358	3859
EFM745_02359	233
EFM745_02361	1051
EFM745_02362	200
EFM745_02363	66952
EFM745_02364	849
EFM745_02365	577
EFM745_02366	330
EFM745_02367	19210
EFM745_02368	5884
EFM745_02369	189
EFM745_02370	164
EFM745_02371	227
EFM745_02372	396
EFM745_02373	296
EFM745_02374	988
EFM745_02375	1126
EFM745_02376	106
EFM745_02377	69
EFM745_02378	190
EFM745_02379	23
EFM745_02380	91
EFM745_02381	84
EFM745_02382	23
EFM745_02383	39
EFM745_02384	7225
EFM745_02385	2965
EFM745_02386	6645
EFM745_02387	2273
EFM745_02388	772
EFM745_02389	440
EFM745_02390	285
EFM745_02391	995
EFM745_02392	816
EFM745_02393	966
EFM745_02394	3566
EFM745_02395	5775
EFM745_02396	2016
EFM745_02397	2036
EFM745_02398	3189
EFM745_02399	626
EFM745_02400	965
EFM745_02401	1124
EFM745_02402	3044
EFM745_02403	443
EFM745_02404	7021
EFM745_02405	4363
EFM745_02406	1742
EFM745_02407	5036
EFM745_02408	2269
EFM745_02409	875
EFM745_02410	1342
EFM745_02411	2269
EFM745_02412	1589
EFM745_02413	365
EFM745_02414	523
EFM745_02415	342
EFM745_02416	287
EFM745_02417	241
EFM745_02418	65
EFM745_02419	243
EFM745_02420	70
EFM745_02421	25
EFM745_02422	168
EFM745_02423	73
EFM745_02424	101
EFM745_02425	312
EFM745_02426	499
EFM745_02427	3506
EFM745_02428	4368
EFM745_02429	185
EFM745_02430	21
EFM745_02431	57
EFM745_02432	164
EFM745_02433	35
EFM745_02434	5
EFM745_02435	1
EFM745_02436	4601
EFM745_02437	45
EFM745_02438	301
EFM745_02439	994
EFM745_02440	7211
EFM745_02441	2112
EFM745_02442	4886
EFM745_02443	902
EFM745_02444	863
EFM745_02445	542
EFM745_02446	1116
EFM745_02447	576
EFM745_02448	1
EFM745_02449	7211
EFM745_02450	4172
EFM745_02451	2424
EFM745_02452	1436
EFM745_02453	1100
EFM745_02454	1027
EFM745_02455	594
EFM745_02456	306
EFM745_02457	348
EFM745_02458	3433
EFM745_02459	1028
EFM745_02460	747
EFM745_02461	626
EFM745_02462	864
EFM745_02463	520
EFM745_02465	4035
EFM745_02466	1348
EFM745_02467	559
EFM745_02468	1747
EFM745_02469	2169
EFM745_02470	1734
EFM745_02471	1760
EFM745_02472	546
EFM745_02473	1823
EFM745_02474	1641
EFM745_02475	24980
EFM745_02476	197
EFM745_02477	13010
EFM745_02478	2206
EFM745_02479	33
EFM745_02480	106
EFM745_02481	34
EFM745_02482	59
EFM745_02483	17
EFM745_02484	1150
EFM745_02485	7763
EFM745_02486	8719
EFM745_02488	5662
EFM745_02489	884
EFM745_02490	1005
EFM745_02491	12737
EFM745_02492	0
EFM745_02493	103
EFM745_02494	2022
EFM745_02495	1590
EFM745_02496	304
EFM745_02497	119
EFM745_02498	964
EFM745_02499	5953
EFM745_02500	1515
EFM745_02501	4615
EFM745_02502	1032
EFM745_02503	215
EFM745_02504	32619
EFM745_02505	1287
EFM745_02506	2677
EFM745_02507	363
EFM745_02508	8048
EFM745_02509	19262
EFM745_02510	1177
EFM745_02511	1648
EFM745_02512	2242
EFM745_02513	4809
EFM745_02514	15451
EFM745_02515	4379
EFM745_02516	3148
EFM745_02517	22
EFM745_02518	974
EFM745_02519	4064
EFM745_02520	9101
EFM745_02521	13163
EFM745_02522	5577
EFM745_02523	1075
EFM745_02524	2011
EFM745_02525	369
EFM745_02526	4462
EFM745_02527	1323
EFM745_02528	1430
EFM745_02529	982
EFM745_02530	7067
EFM745_02531	4247
EFM745_02532	4950
EFM745_02533	15706
EFM745_02534	6534
EFM745_02535	3606
EFM745_02536	9234
EFM745_02537	7942
EFM745_02538	1
EFM745_02539	2157
EFM745_02540	5199
EFM745_02541	477
EFM745_02542	459
EFM745_02543	358
EFM745_02544	535
EFM745_02545	997
EFM745_02547	949
EFM745_02548	175
EFM745_02549	702
EFM745_02550	1311
EFM745_02551	34
EFM745_02552	210
EFM745_02553	72
EFM745_02554	246
EFM745_02555	1566
EFM745_02557	189
EFM745_02558	2824
EFM745_02559	1398
EFM745_02560	1725
EFM745_02561	2457
EFM745_02562	1533
EFM745_02563	838
EFM745_02564	1472
EFM745_02565	5089
EFM745_02566	700
EFM745_02567	959
EFM745_02568	10518
EFM745_02569	1385
EFM745_02570	370
EFM745_02571	662
EFM745_02572	333
EFM745_02573	186
EFM745_02574	81
EFM745_02575	3241
EFM745_02576	813
EFM745_02577	1364
EFM745_02578	2499
EFM745_02579	2062
EFM745_02580	4527
EFM745_02581	26177
EFM745_02582	6978
EFM745_02583	1338
EFM745_02584	3552
EFM745_02585	26140
EFM745_02586	1588
EFM745_02587	505
EFM745_02588	11667
EFM745_02589	13867
EFM745_02590	5536
EFM745_02591	8764
EFM745_02592	553
EFM745_02593	3213
EFM745_02594	20
EFM745_02595	12
EFM745_02596	11
EFM745_02597	37
EFM745_02598	40
EFM745_02599	86
EFM745_02600	1322
EFM745_02601	373
EFM745_02602	320
EFM745_02603	84
EFM745_02604	205
EFM745_02605	180
EFM745_02606	402
EFM745_02607	103
EFM745_02608	18
EFM745_02609	126
EFM745_02610	260
EFM745_02611	4286
EFM745_02612	1736
EFM745_02613	140
EFM745_02614	6076
EFM745_02615	3227
EFM745_02617	69
EFM745_02618	6
EFM745_02619	25
EFM745_02620	14
EFM745_02621	24
EFM745_02622	2146
EFM745_02623	2340
EFM745_02624	4335
EFM745_02625	1176
EFM745_02626	1535
EFM745_02627	365
EFM745_02628	260
EFM745_02629	2210
EFM745_02630	581
EFM745_02631	67
EFM745_02632	49
EFM745_02633	56
EFM745_02634	54
EFM745_02635	16
EFM745_02636	8187
EFM745_02637	3528
EFM745_02638	4677
EFM745_02639	84
EFM745_02641	491
EFM745_02642	372
EFM745_02643	19
EFM745_02644	379
EFM745_02645	73
EFM745_02646	425
EFM745_02647	793
EFM745_02648	2598
EFM745_02649	381
EFM745_02650	254
EFM745_02651	526
EFM745_02652	345
EFM745_02654	1915
EFM745_02655	151
EFM745_02656	1104
EFM745_02657	1965
EFM745_02658	72
EFM745_02659	2309
EFM745_02660	2993
EFM745_02661	729
EFM745_02662	87
EFM745_02663	40
EFM745_02664	547
EFM745_02665	74
EFM745_02666	1498
EFM745_02667	8159
EFM745_02668	1804
EFM745_02669	5852
EFM745_02670	19845
EFM745_02671	14424
EFM745_02672	1357
EFM745_02673	2770
EFM745_02674	3303
EFM745_02675	5641
EFM745_02676	10593
EFM745_02677	4298
EFM745_02678	2602
EFM745_02679	7293
EFM745_02680	12847
EFM745_02681	473
EFM745_02682	1771
EFM745_02683	2269
EFM745_02684	107
EFM745_02685	277
EFM745_02686	3390
EFM745_02687	435
EFM745_02688	1862
EFM745_02689	1631
EFM745_02690	3739
EFM745_02691	10392
EFM745_02692	711
EFM745_02693	1226
EFM745_02694	1914
EFM745_02695	4943
EFM745_02696	6088
EFM745_02697	1535
EFM745_02698	2049
EFM745_02699	3382
EFM745_02700	1051
EFM745_02701	383
EFM745_02702	2816
EFM745_02703	5963
EFM745_02704	837
EFM745_02705	23822
EFM745_02706	13421
EFM745_02707	22984
EFM745_02708	4366
EFM745_02709	8359
EFM745_02710	382
EFM745_02711	71
EFM745_02712	729
EFM745_02713	462
EFM745_02714	9459
EFM745_02715	12176
EFM745_02716	1111
EFM745_02718	4399
EFM745_02719	2740
EFM745_02720	3226
EFM745_02721	1022
EFM745_02722	4285
EFM745_02723	4
EFM745_02724	2272
EFM745_02725	2545
EFM745_02726	8539
EFM745_02727	3
EFM745_02728	15884
EFM745_02729	9623
EFM745_02730	9086
EFM745_02731	929
EFM745_02732	167
EFM745_02733	516
EFM745_02734	2786
EFM745_02735	6077
EFM745_02736	1343
EFM745_02737	3557
EFM745_02738	2531
EFM745_02739	153
EFM745_02740	8949
EFM745_02741	9010
EFM745_02742	5633
EFM745_02743	5367
EFM745_02744	486
EFM745_02745	16910
EFM745_02746	4992
EFM745_02747	2064
EFM745_02748	25
EFM745_02749	100
EFM745_02750	794
EFM745_02751	233
EFM745_02752	1230
EFM745_02753	512
EFM745_02754	48
EFM745_02755	846
EFM745_02756	132
EFM745_02757	55
EFM745_02758	21
EFM745_02759	6
EFM745_02760	27
EFM745_02761	1
EFM745_02762	1
EFM745_02763	95
EFM745_02764	244
EFM745_02765	95
EFM745_02766	404
EFM745_02767	179
EFM745_02768	176
EFM745_02769	353
EFM745_02770	633
EFM745_02771	149
EFM745_02772	151
EFM745_02773	141
EFM745_02774	52
EFM745_02775	76
EFM745_02776	12
EFM745_02777	41
EFM745_02778	3
EFM745_02779	11
EFM745_02780	226
EFM745_02781	1
EFM745_02782	45
EFM745_02783	89
EFM745_02784	183
EFM745_02785	21
EFM745_02786	9
EFM745_02787	17
EFM745_02788	5
EFM745_02789	17
EFM745_02790	3
EFM745_02791	15
EFM745_02792	93
EFM745_02793	1711
EFM745_02794	283
EFM745_02795	5
EFM745_02796	24
EFM745_02797	0
EFM745_02798	0
EFM745_02799	0
EFM745_02800	0
EFM745_02801	0
EFM745_02819	0
EFM745_02820	3
EFM745_02821	1244
EFM745_02822	154
EFM745_02823	98
EFM745_02824	33
EFM745_02825	156
EFM745_02826	182
EFM745_02827	267
EFM745_02828	61
EFM745_02829	426
EFM745_02830	205
EFM745_02831	163
EFM745_02832	45
EFM745_02833	589
EFM745_02834	1083
EFM745_02835	13
EFM745_02836	39
EFM745_02837	268
EFM745_02838	175
EFM745_02840	0
EFM745_02842	82
EFM745_02843	29
EFM745_02844	0
EFM745_02845	0
EFM745_02846	0
EFM745_02847	0
EFM745_02848	38
EFM745_02849	48
EFM745_02850	67
EFM745_02851	7
EFM745_02852	135
EFM745_02853	19
EFM745_02854	13
EFM745_02855	23
EFM745_02856	110
EFM745_02857	22
EFM745_02858	44
EFM745_02859	9
EFM745_02860	182
EFM745_02861	92
EFM745_02862	127
EFM745_02863	15
EFM745_02864	438
EFM745_02865	787
EFM745_02866	100
EFM745_02867	393
EFM745_02868	26
EFM745_02871	5
EFM745_02872	4
EFM745_02873	1
EFM745_02874	1
EFM745_02875	13
EFM745_02876	9
EFM745_02877	12
EFM745_02878	21
EFM745_02879	59
EFM745_02880	192
EFM745_02881	3
EFM745_02882	1029
EFM745_02883	159
EFM745_02884	918
EFM745_02885	38
EFM745_02886	294
EFM745_02887	879
EFM745_02888	505
EFM745_02889	3273
EFM745_02890	10
EFM745_02891	7
EFM745_02892	189
EFM745_02893	199
EFM745_02894	35
EFM745_02895	1
EFM745_02896	1028
EFM745_02897	190
EFM745_02898	4661
EFM745_02899	8458
EFM745_02900	3032
EFM745_02901	183
EFM745_02902	136
EFM745_02903	39
EFM745_02904	14
EFM745_02905	0
EFM745_02906	146
EFM745_02907	615
EFM745_02908	318
EFM745_02909	528
EFM745_02910	0
EFM745_02911	147
EFM745_02912	0
EFM745_02913	1070
EFM745_02915	937
EFM745_02916	62
EFM745_02917	658
EFM745_02918	306
EFM745_02919	541
EFM745_02920	1292
EFM745_02921	500
EFM745_02922	16
EFM745_02923	2
EFM745_02924	20
EFM745_02925	4
EFM745_02926	492
EFM745_02927	34
EFM745_02928	101
EFM745_02929	498
EFM745_02930	151
EFM745_02931	18
EFM745_02932	4
EFM745_02933	1
EFM745_02934	7
EFM745_02935	237
EFM745_02936	176
EFM745_02937	4
EFM745_02938	194
EFM745_02939	4118
EFM745_02940	7259
EFM745_02941	54
EFM745_02942	898
EFM745_02943	1685
EFM745_02944	184
EFM745_02945	475
EFM745_02947	618
EFM745_02948	270
EFM745_02949	272
EFM745_02950	264
EFM745_02951	56
EFM745_02952	82
EFM745_02953	24
EFM745_02954	18
EFM745_02955	160
EFM745_02956	145
EFM745_02957	23
EFM745_02958	149
EFM745_02959	59
EFM745_02960	40
EFM745_02961	55
EFM745_02962	144
EFM745_02963	341
EFM745_02964	231
EFM745_02965	86
EFM745_02966	190
EFM745_02967	7
EFM745_02968	4
EFM745_02969	35
EFM745_02970	43
EFM745_02971	2
EFM745_02972	43
EFM745_02973	2536
EFM745_02974	350
EFM745_02975	282
EFM745_02976	131
EFM745_02977	16
EFM745_02978	488
EFM745_02979	576
EFM745_02980	37
EFM745_02981	610
EFM745_02982	133
EFM745_02983	684
EFM745_02984	218
EFM745_02985	118
EFM745_02986	1
EFM745_02987	430
EFM745_02988	20
EFM745_02989	743
EFM745_02990	26
EFM745_02991	10
EFM745_02992	66
EFM745_02993	50
EFM745_02994	220
EFM745_02995	582
EFM745_02996	1064
EFM745_02997	84
EFM745_02998	36
EFM745_02999	8
EFM745_03000	3
EFM745_03001	211
EFM745_03002	253
EFM745_03003	284
EFM745_03004	465
EFM745_03005	250
EFM745_03006	11
EFM745_03007	2179
EFM745_03008	2298
EFM745_03009	1999
EFM745_03010	19
EFM745_03011	60
EFM745_03012	49
EFM745_03013	3
EFM745_03014	17
EFM745_03015	143
EFM745_03016	117
EFM745_03017	190
EFM745_03018	63
EFM745_03019	0
EFM745_03020	477
EFM745_03021	141
EFM745_03022	393
EFM745_03023	209
EFM745_03024	145
EFM745_03025	75
EFM745_03026	17
EFM745_03027	59
EFM745_03028	192
EFM745_03029	6
EFM745_03030	0
EFM745_03031	489
EFM745_03032	86
EFM745_03033	0
EFM745_03034	366
EFM745_03035	0
EFM745_03036	1362
EFM745_03037	1865
EFM745_03038	166
EFM745_03039	495
EFM745_03040	82
EFM745_03041	231
EFM745_03042	82
EFM745_03043	457
EFM745_03044	65
EFM745_03045	10
EFM745_03046	58
EFM745_03047	35
EFM745_03048	75
EFM745_03049	61
EFM745_03050	2641
EFM745_03051	408
EFM745_03052	405
EFM745_03053	206
EFM745_03054	18
EFM745_03055	330
EFM745_03056	988
EFM745_03057	220
EFM745_03058	1290
EFM745_03059	2381
EFM745_03060	73
EFM745_03061	17
EFM745_03062	479
EFM745_03063	93
EFM745_03064	28
EFM745_03065	9
EFM745_03066	17
EFM745_03067	204
EFM745_03069	398
EFM745_03070	478
EFM745_03071	319
EFM745_03072	4
EFM745_03073	159
EFM745_03074	105
EFM745_03075	87
EFM745_03076	0
EFM745_03077	0
EFM745_03078	136
EFM745_03079	0
EFM745_03080	69
EFM745_03081	22
EFM745_03082	156
EFM745_03083	35
EFM745_03084	16
EFM745_03085	28
EFM745_03086	96
EFM745_03087	95
EFM745_03088	51
EFM745_03089	0
EFM745_03090	0
EFM745_03091	0
EFM745_03092	0
EFM745_03093	0
EFM745_03094	0
EFM745_03095	0
EFM745_03096	0
EFM745_03097	0
EFM745_03098	0
EFM745_03099	0
EFM745_03100	0
EFM745_03101	0
EFM745_03102	1
EFM745_03103	0
EFM745_03104	0
EFM745_03105	0
EFM745_03106	1
EFM745_03107	109
EFM745_03108	0
EFM745_03109	0
EFM745_03110	611
EFM745_03111	193
EFM745_03112	606
EFM745_03113	4671
EFM745_03114	57
EFM745_03115	357
EFM745_03116	80
EFM745_03117	590
EFM745_03118	0
EFM745_03119	22
EFM745_03120	347
EFM745_03121	443
EFM745_03122	27858
EFM745_03123	5908
EFM745_03124	1383
EFM745_03125	304
EFM745_03126	280
EFM745_03127	205
EFM745_03128	1915
EFM745_03129	18
EFM745_03130	347
EFM745_03131	474
EFM745_03132	0
EFM745_03133	608
EFM745_03135	1152
EFM745_03136	264
EFM745_03137	60
EFM745_03138	372
EFM745_03139	188
EFM745_03140	0
EFM745_03141	3
EFM745_03142	822
EFM745_03143	1693
EFM745_03144	180
EFM745_03145	0
EFM745_03146	0
EFM745_03147	0
EFM745_03148	0
EFM745_03149	1
EFM745_03150	1
EFM745_03151	0
EFM745_03152	0
EFM745_03153	0
EFM745_03154	0
EFM745_03155	0
EFM745_03156	0
EFM745_03157	0
EFM745_03158	0
EFM745_03159	63
EFM745_03160	141
EFM745_03162	0
EFM745_03164	285
EFM745_03165	314
EFM745_03166	76
EFM745_03167	0
EFM745_03168	79
EFM745_03169	13
EFM745_03170	0
EFM745_03171	0
EFM745_03172	0
EFM745_03173	409
EFM745_03174	1
EFM745_03175	16
EFM745_03176	391
EFM745_03177	59
EFM745_03178	572
EFM745_03179	153
EFM745_03180	7
EFM745_03181	10
EFM745_03182	806
EFM745_03183	686
EFM745_03184	483
EFM745_03185	0
EFM745_03186	1
EFM745_03187	0
EFM745_03188	0
EFM745_03189	0
EFM745_03190	0
EFM745_03191	0
EFM745_03192	21
EFM745_03193	299
EFM745_03194	48
EFM745_03195	8
EFM745_03196	34
EFM745_03197	53
EFM745_03198	45
EFM745_03199	54
EFM745_03200	16
EFM745_03201	10
EFM745_03202	11
EFM745_03203	33
EFM745_03204	61
EFM745_03205	33
EFM745_03206	49
EFM745_03208	0
EFM745_03210	65
EFM745_03211	410
EFM745_03212	11
EFM745_03213	18
EFM745_03214	21
EFM745_03215	56
EFM745_03216	63
EFM745_03217	34
EFM745_03218	113
EFM745_03219	5
EFM745_03220	0
EFM745_03221	0
EFM745_03222	0
EFM745_03223	0
EFM745_03224	0
EFM745_03225	0
EFM745_03226	0
EFM745_03227	0
EFM745_03228	173
EFM745_03229	304
EFM745_03230	0
EFM745_03231	0
EFM745_03232	0
EFM745_03233	0
EFM745_03234	0
EFM745_03235	0
EFM745_03236	0
EFM745_03237	1
EFM745_03238	0
EFM745_03239	0
EFM745_03240	0
EFM745_03241	0
EFM745_03242	0
EFM745_03243	0
EFM745_03244	0
EFM745_03245	0
EFM745_03246	0
EFM745_03247	0
EFM745_03248	0
EFM745_03249	0
__no_feature	831895
__ambiguous	1051276
__too_low_aQual	165564
__not_aligned	165526
__alignment_not_unique	0
